Date,Unnamed: 0,close,high,low,open,volume,SMA_20,SMA_50,RSI_14,MACD_12_26_9,MACDh_12_26_9,MACDs_12_26_9,BBL_20_2.0,BBM_20_2.0,BBU_20_2.0,BBB_20_2.0,BBP_20_2.0,avg_sentiment_score,num_articles,positive_ratio,negative_ratio,avg_sentiment_score_reddit,num_articles_reddit,positive_ratio_reddit,negative_ratio_reddit,target
2025-08-13,1970-01-01 00:00:00.000000406,233.3300018310547,235.0,230.42999267578125,231.07000732421875,69878500.0,214.4582733154297,208.2005770874023,74.53082993416533,5.226980903682062,2.434222218640965,2.7927586850410973,196.86431244842575,214.4582733154297,232.0522341824336,16.407817329692246,1.0363126773521882,0.1800144076347351,5.0,0.4,0.2,0.0,1.0,0.0,0.0,0
2025-08-14,1970-01-01 00:00:00.000000407,232.77999877929688,235.1199951171875,230.8500061035156,234.05999755859375,51916300.0,215.6081771850586,208.7953857421875,73.48137385332878,5.867450322969489,2.4597533103427134,3.407697012626776,196.4503637744799,215.6081771850586,234.76599059563725,17.7709525312997,0.9481675759707592,-0.3942090570926666,2.0,0.0,0.5,0.0,1.0,0.0,0.0,0
2025-08-15,1970-01-01 00:00:00.000000408,231.58999633789065,234.27999877929688,229.33999633789065,234.0,56038700.0,216.64064712524413,209.3753839111328,71.14709404260769,6.20744810260706,2.2398008719842273,3.9676472306228328,196.40492903340697,216.64064712524413,236.8763652170813,18.681367841500673,0.8693802499323439,-0.02784181833267212,5.0,0.2,0.2,0.0,2.0,0.0,0.0,0
2025-08-18,1970-01-01 00:00:00.000000409,230.88999938964844,233.1199951171875,230.11000061035156,231.6999969482422,37476200.0,217.57319107055665,209.98513244628907,69.74359236139841,6.347247767675782,1.9036804296423595,4.443567338033422,196.53180674138784,217.57319107055665,238.61457539972545,19.341890630583535,0.8164432556044149,0.23509942633765085,7.0,0.42857142857142855,0.14285714285714285,0.0,2.0,0.0,0.0,0
2025-08-19,1970-01-01 00:00:00.000000410,230.55999755859375,232.8699951171875,229.3500061035156,231.27999877929688,39402600.0,218.3933433532715,210.522555847168,69.05202091999288,6.358119179509572,1.531641473180919,4.826477706328653,196.68052350038852,218.3933433532715,240.1061632061545,19.884140715553286,0.7801721353504161,0.31306347250938416,8.0,0.5,0.125,0.0,2.0,0.0,0.0,0
2025-08-20,1970-01-01 00:00:00.000000411,226.0099945068359,230.47000122070312,225.77000427246097,229.97999572753903,42263900.0,218.99848175048828,211.01832305908204,60.189922956583835,5.931216262378626,0.8837908448399787,5.047425417538648,197.14534920086203,218.99848175048828,240.85161430011453,19.957337032613953,0.6604235168670942,-0.13527478490556988,7.0,0.0,0.14285714285714285,0.0,1.0,0.0,0.0,0
2025-08-21,1970-01-01 00:00:00.000000412,224.8999938964844,226.52000427246097,223.77999877929688,226.27000427246097,30621200.0,219.56759796142575,211.4675180053711,58.22666099436881,5.440608899557077,0.314546785614743,5.126062113942334,197.7221971156682,219.56759796142575,241.41299880718336,19.89856522417797,0.6220484799685924,-0.16880543742861068,7.0,0.0,0.2857142857142857,0.0,1.0,0.0,0.0,1
2025-08-22,1970-01-01 00:00:00.000000413,227.7599945068359,229.08999633789065,225.41000366210935,226.1699981689453,42477800.0,220.27372055053712,212.05162475585936,61.693652668054575,5.222376867408002,0.0770518027725346,5.145325064635467,198.32794503729716,220.27372055053712,242.2194960637771,19.92591350288195,0.6705629849303409,0.0,3.0,0.0,0.0,0.0,1.0,0.0,0.0,0
2025-08-25,1970-01-01 00:00:00.000000414,227.16000366210935,229.3000030517578,226.22999572753903,226.47999572753903,30983100.0,220.94135284423828,212.61534118652344,60.558146844154585,4.944020571217237,-0.1610435947345845,5.105064165951822,199.01065424837557,220.94135284423828,242.872051440101,19.852054233888627,0.641779587884269,-0.1653927309172494,7.0,0.14285714285714285,0.2857142857142857,0.0,1.0,0.0,0.0,1
2025-08-26,1970-01-01 00:00:00.000000415,229.30999755859375,229.4900054931641,224.69000244140625,226.8699951171875,54575100.0,221.85532760620117,213.2769952392578,63.173816429486784,4.841102523821888,-0.2111693137039472,5.0522718375258355,200.1303191439201,221.85532760620117,243.58033606848224,19.58484269608662,0.6715688618795101,0.4142802655696869,2.0,0.5,0.0,0.0,1.0,0.0,0.0,1
2025-08-27,1970-01-01 00:00:00.000000416,230.4900054931641,230.8999938964844,228.2599945068359,228.61000061035156,31259500.0,222.93917694091795,213.9228939819336,64.56286230929476,4.7994311535624945,-0.202272547170673,5.0017037007331675,201.76919243923103,222.93917694091795,244.1091614426049,18.991713158874052,0.6783380746368622,0.09990192453066508,6.0,0.3333333333333333,0.16666666666666666,0.0,1.0,0.0,0.0,1
2025-08-28,1970-01-01 00:00:00.000000417,232.55999755859375,233.41000366210935,229.33999633789065,230.82000732421875,38074700.0,224.20044174194337,214.66572967529297,66.9200448997884,4.877215844150669,-0.0995902852659993,4.976806129416668,203.91209051370348,224.20044174194337,244.48879297018323,18.09840433016805,0.7060186094623229,-0.08042344876698085,7.0,0.0,0.14285714285714285,0.0,1.0,0.0,0.0,0
2025-08-29,1970-01-01 00:00:00.000000418,232.13999938964844,233.3800048828125,231.3699951171875,232.5099945068359,39389400.0,225.69991226196288,215.38138671875,65.96133453592408,4.8490733307736775,-0.1021862389143928,4.95125956968807,207.86759154804523,225.69991226196288,243.5322329758805,15.8017967620831,0.6805734438888611,0.03825444314214919,9.0,0.2222222222222222,0.2222222222222222,0.23310722907384238,3.0,0.3333333333333333,0.0,0
